File Name,Length (seconds),Time of Recording,Attire,Description
01.mp4,06,Day,T-Shirt & Pants,Right side fall on the ground
02.mp4,08,Day,T-Shirt & Pants,Right side fall on the ground after walking
03.mp4,07,Day,T-Shirt & Pants,Forward fall on the bed
04.mp4,10,Day,T-Shirt & Pants,Seeing outside the window then backward fall
05.mp4,04,Day,T-Shirt & Pants,Left side fall (face hidden by hand)
06.mp4,06,Day,T-Shirt & Pants,Walking while seeing the mobile phone then fall backward (left hand not fully in the frame)
07.mp4,04,Day,Full Shirt & Pants,Fall (forward) after trying to pick the bottle from the ground
08.mp4,06,Day,Full Shirt & Pants,Reading newspaper in sitting position on the ground then falling backward
09.mp4,05,Day,Full Shirt & Pants,Falling backward after walking
10.mp4,11,Night,Full Shirt & Jeans,Right side fall then backward
11.mp4,10,Night,Full Shirt & Jeans,Falling from bed to ground
12.mp4,12,Night,Full Shirt & Jeans,Drinking water from the water bottle then falling backward
13.mp4,08,Night,Full Shirt & Jeans,Falling backward (side view)
14.mp4,11,Night,Full Shirt & Jeans,Falling backward on the bed
